{"accuracy": [0.5209947228431702, 0.7455841302871704, 0.8067864775657654, 0.8437403440475464, 0.8817787170410156, 0.8992097973823547, 0.9181128144264221, 0.9379454851150513, 0.9108304977416992, 0.949798583984375, 0.9536721706390381, 0.9663774371147156, 0.9676944613456726, 0.9706383347511292, 0.9750542044639587], "loss": [1.3761484622955322, 0.7192806005477905, 0.5588580965995789, 0.44617924094200134, 0.34090912342071533, 0.2886750400066376, 0.23059940338134766, 0.17287996411323547, 0.2680085003376007, 0.14303351938724518, 0.1383720189332962, 0.10198570787906647, 0.09378639608621597, 0.09069617837667465, 0.07400564104318619], "val_accuracy": [0.7276349067687988, 0.7924665212631226, 0.8297718167304993, 0.8797537088394165, 0.8819268345832825, 0.8167330622673035, 0.9076421856880188, 0.9137993454933167, 0.8888084292411804, 0.9003984332084656, 0.9076421856880188, 0.9308221936225891, 0.9134371876716614, 0.935168445110321, 0.9290112257003784], "val_loss": [0.7530549764633179, 0.5579790472984314, 0.4782455861568451, 0.3308289647102356, 0.3196859061717987, 0.5398291945457458, 0.2699141204357147, 0.26634103059768677, 0.3408583700656891, 0.3110070526599884, 0.3003709614276886, 0.22241808474063873, 0.3314124643802643, 0.23802900314331055, 0.2377561330795288]}